text,chunk_id,title,publication_date,authors,disease
No content available.,0_0,,,,rare_diseases_from_pubmed.csv
No content available.,1_0,,,,rare_diseases_from_pubmed.csv
No content available.,2_0,,,,rare_diseases_from_pubmed.csv
No content available.,3_0,,,,rare_diseases_from_pubmed.csv
No content available.,4_0,,,,rare_diseases_from_pubmed.csv
No content available.,5_0,,,,rare_diseases_from_pubmed.csv
No content available.,6_0,,,,rare_diseases_from_pubmed.csv
No content available.,7_0,,,,rare_diseases_from_pubmed.csv
No content available.,8_0,,,,rare_diseases_from_pubmed.csv
No content available.,9_0,,,,rare_diseases_from_pubmed.csv
No content available.,10_0,,,,rare_diseases_from_pubmed.csv
No content available.,11_0,,,,rare_diseases_from_pubmed.csv
No content available.,12_0,,,,rare_diseases_from_pubmed.csv
No content available.,13_0,,,,rare_diseases_from_pubmed.csv
No content available.,14_0,,,,rare_diseases_from_pubmed.csv
No content available.,15_0,,,,rare_diseases_from_pubmed.csv
No content available.,16_0,,,,rare_diseases_from_pubmed.csv
No content available.,17_0,,,,rare_diseases_from_pubmed.csv
No content available.,18_0,,,,rare_diseases_from_pubmed.csv
No content available.,19_0,,,,rare_diseases_from_pubmed.csv
No content available.,20_0,,,,rare_diseases_from_pubmed.csv
No content available.,21_0,,,,rare_diseases_from_pubmed.csv
No content available.,22_0,,,,rare_diseases_from_pubmed.csv
No content available.,23_0,,,,rare_diseases_from_pubmed.csv
No content available.,24_0,,,,rare_diseases_from_pubmed.csv
No content available.,25_0,,,,rare_diseases_from_pubmed.csv
No content available.,26_0,,,,rare_diseases_from_pubmed.csv
No content available.,27_0,,,,rare_diseases_from_pubmed.csv
No content available.,28_0,,,,rare_diseases_from_pubmed.csv
No content available.,29_0,,,,rare_diseases_from_pubmed.csv
No content available.,30_0,,,,rare_diseases_from_pubmed.csv
No content available.,31_0,,,,rare_diseases_from_pubmed.csv
No content available.,32_0,,,,rare_diseases_from_pubmed.csv
No content available.,33_0,,,,rare_diseases_from_pubmed.csv
No content available.,34_0,,,,rare_diseases_from_pubmed.csv
No content available.,35_0,,,,rare_diseases_from_pubmed.csv
No content available.,36_0,,,,rare_diseases_from_pubmed.csv
No content available.,37_0,,,,rare_diseases_from_pubmed.csv
No content available.,38_0,,,,rare_diseases_from_pubmed.csv
No content available.,39_0,,,,rare_diseases_from_pubmed.csv
No content available.,40_0,,,,rare_diseases_from_pubmed.csv
No content available.,41_0,,,,rare_diseases_from_pubmed.csv
No content available.,42_0,,,,rare_diseases_from_pubmed.csv
No content available.,43_0,,,,rare_diseases_from_pubmed.csv
No content available.,44_0,,,,rare_diseases_from_pubmed.csv
No content available.,45_0,,,,rare_diseases_from_pubmed.csv
No content available.,46_0,,,,rare_diseases_from_pubmed.csv
No content available.,47_0,,,,rare_diseases_from_pubmed.csv
No content available.,48_0,,,,rare_diseases_from_pubmed.csv
No content available.,49_0,,,,rare_diseases_from_pubmed.csv
No content available.,50_0,,,,rare_diseases_from_pubmed.csv
No content available.,51_0,,,,rare_diseases_from_pubmed.csv
No content available.,52_0,,,,rare_diseases_from_pubmed.csv
No content available.,53_0,,,,rare_diseases_from_pubmed.csv
No content available.,54_0,,,,rare_diseases_from_pubmed.csv
No content available.,55_0,,,,rare_diseases_from_pubmed.csv
No content available.,56_0,,,,rare_diseases_from_pubmed.csv
No content available.,57_0,,,,rare_diseases_from_pubmed.csv
No content available.,58_0,,,,rare_diseases_from_pubmed.csv
No content available.,59_0,,,,rare_diseases_from_pubmed.csv
No content available.,60_0,,,,rare_diseases_from_pubmed.csv
No content available.,61_0,,,,rare_diseases_from_pubmed.csv
No content available.,62_0,,,,rare_diseases_from_pubmed.csv
No content available.,63_0,,,,rare_diseases_from_pubmed.csv
No content available.,64_0,,,,rare_diseases_from_pubmed.csv
No content available.,65_0,,,,rare_diseases_from_pubmed.csv
No content available.,66_0,,,,rare_diseases_from_pubmed.csv
No content available.,67_0,,,,rare_diseases_from_pubmed.csv
No content available.,68_0,,,,rare_diseases_from_pubmed.csv
No content available.,69_0,,,,rare_diseases_from_pubmed.csv
No content available.,70_0,,,,rare_diseases_from_pubmed.csv
No content available.,71_0,,,,rare_diseases_from_pubmed.csv
No content available.,72_0,,,,rare_diseases_from_pubmed.csv
No content available.,73_0,,,,rare_diseases_from_pubmed.csv
No content available.,74_0,,,,rare_diseases_from_pubmed.csv
No content available.,75_0,,,,rare_diseases_from_pubmed.csv
No content available.,76_0,,,,rare_diseases_from_pubmed.csv
No content available.,77_0,,,,rare_diseases_from_pubmed.csv
No content available.,78_0,,,,rare_diseases_from_pubmed.csv
No content available.,79_0,,,,rare_diseases_from_pubmed.csv
No content available.,80_0,,,,rare_diseases_from_pubmed.csv
No content available.,81_0,,,,rare_diseases_from_pubmed.csv
No content available.,82_0,,,,rare_diseases_from_pubmed.csv
No content available.,83_0,,,,rare_diseases_from_pubmed.csv
No content available.,84_0,,,,rare_diseases_from_pubmed.csv
No content available.,85_0,,,,rare_diseases_from_pubmed.csv
No content available.,86_0,,,,rare_diseases_from_pubmed.csv
No content available.,87_0,,,,rare_diseases_from_pubmed.csv
No content available.,88_0,,,,rare_diseases_from_pubmed.csv
No content available.,89_0,,,,rare_diseases_from_pubmed.csv
No content available.,90_0,,,,rare_diseases_from_pubmed.csv
No content available.,91_0,,,,rare_diseases_from_pubmed.csv
No content available.,92_0,,,,rare_diseases_from_pubmed.csv
No content available.,93_0,,,,rare_diseases_from_pubmed.csv
No content available.,94_0,,,,rare_diseases_from_pubmed.csv
No content available.,95_0,,,,rare_diseases_from_pubmed.csv
No content available.,96_0,,,,rare_diseases_from_pubmed.csv
No content available.,97_0,,,,rare_diseases_from_pubmed.csv
No content available.,98_0,,,,rare_diseases_from_pubmed.csv
No content available.,99_0,,,,rare_diseases_from_pubmed.csv
No content available.,100_0,,,,rare_diseases_from_pubmed.csv
No content available.,101_0,,,,rare_diseases_from_pubmed.csv
No content available.,102_0,,,,rare_diseases_from_pubmed.csv
No content available.,103_0,,,,rare_diseases_from_pubmed.csv
No content available.,104_0,,,,rare_diseases_from_pubmed.csv
No content available.,105_0,,,,rare_diseases_from_pubmed.csv
No content available.,106_0,,,,rare_diseases_from_pubmed.csv
No content available.,107_0,,,,rare_diseases_from_pubmed.csv
No content available.,108_0,,,,rare_diseases_from_pubmed.csv
No content available.,109_0,,,,rare_diseases_from_pubmed.csv
No content available.,110_0,,,,rare_diseases_from_pubmed.csv
No content available.,111_0,,,,rare_diseases_from_pubmed.csv
No content available.,112_0,,,,rare_diseases_from_pubmed.csv
No content available.,113_0,,,,rare_diseases_from_pubmed.csv
No content available.,114_0,,,,rare_diseases_from_pubmed.csv
No content available.,115_0,,,,rare_diseases_from_pubmed.csv
No content available.,116_0,,,,rare_diseases_from_pubmed.csv
No content available.,117_0,,,,rare_diseases_from_pubmed.csv
No content available.,118_0,,,,rare_diseases_from_pubmed.csv
No content available.,119_0,,,,rare_diseases_from_pubmed.csv
No content available.,120_0,,,,rare_diseases_from_pubmed.csv
No content available.,121_0,,,,rare_diseases_from_pubmed.csv
No content available.,122_0,,,,rare_diseases_from_pubmed.csv
No content available.,123_0,,,,rare_diseases_from_pubmed.csv
No content available.,124_0,,,,rare_diseases_from_pubmed.csv
No content available.,125_0,,,,rare_diseases_from_pubmed.csv
No content available.,126_0,,,,rare_diseases_from_pubmed.csv
No content available.,127_0,,,,rare_diseases_from_pubmed.csv
No content available.,128_0,,,,rare_diseases_from_pubmed.csv
No content available.,129_0,,,,rare_diseases_from_pubmed.csv
No content available.,130_0,,,,rare_diseases_from_pubmed.csv
No content available.,131_0,,,,rare_diseases_from_pubmed.csv
No content available.,132_0,,,,rare_diseases_from_pubmed.csv
No content available.,133_0,,,,rare_diseases_from_pubmed.csv
No content available.,134_0,,,,rare_diseases_from_pubmed.csv
No content available.,135_0,,,,rare_diseases_from_pubmed.csv
No content available.,136_0,,,,rare_diseases_from_pubmed.csv
No content available.,137_0,,,,rare_diseases_from_pubmed.csv
No content available.,138_0,,,,rare_diseases_from_pubmed.csv
No content available.,139_0,,,,rare_diseases_from_pubmed.csv
No content available.,140_0,,,,rare_diseases_from_pubmed.csv
No content available.,141_0,,,,rare_diseases_from_pubmed.csv
No content available.,142_0,,,,rare_diseases_from_pubmed.csv
No content available.,143_0,,,,rare_diseases_from_pubmed.csv
No content available.,144_0,,,,rare_diseases_from_pubmed.csv
No content available.,145_0,,,,rare_diseases_from_pubmed.csv
No content available.,146_0,,,,rare_diseases_from_pubmed.csv
No content available.,147_0,,,,rare_diseases_from_pubmed.csv
No content available.,148_0,,,,rare_diseases_from_pubmed.csv
No content available.,149_0,,,,rare_diseases_from_pubmed.csv
No content available.,150_0,,,,rare_diseases_from_pubmed.csv
No content available.,151_0,,,,rare_diseases_from_pubmed.csv
No content available.,152_0,,,,rare_diseases_from_pubmed.csv
No content available.,153_0,,,,rare_diseases_from_pubmed.csv
No content available.,154_0,,,,rare_diseases_from_pubmed.csv
No content available.,155_0,,,,rare_diseases_from_pubmed.csv
No content available.,156_0,,,,rare_diseases_from_pubmed.csv
No content available.,157_0,,,,rare_diseases_from_pubmed.csv
No content available.,158_0,,,,rare_diseases_from_pubmed.csv
No content available.,159_0,,,,rare_diseases_from_pubmed.csv
No content available.,160_0,,,,rare_diseases_from_pubmed.csv
No content available.,161_0,,,,rare_diseases_from_pubmed.csv
No content available.,162_0,,,,rare_diseases_from_pubmed.csv
No content available.,163_0,,,,rare_diseases_from_pubmed.csv
No content available.,164_0,,,,rare_diseases_from_pubmed.csv
No content available.,165_0,,,,rare_diseases_from_pubmed.csv
No content available.,166_0,,,,rare_diseases_from_pubmed.csv
No content available.,167_0,,,,rare_diseases_from_pubmed.csv
No content available.,168_0,,,,rare_diseases_from_pubmed.csv
No content available.,169_0,,,,rare_diseases_from_pubmed.csv
No content available.,170_0,,,,rare_diseases_from_pubmed.csv
No content available.,171_0,,,,rare_diseases_from_pubmed.csv
No content available.,172_0,,,,rare_diseases_from_pubmed.csv
No content available.,173_0,,,,rare_diseases_from_pubmed.csv
No content available.,174_0,,,,rare_diseases_from_pubmed.csv
No content available.,175_0,,,,rare_diseases_from_pubmed.csv
No content available.,176_0,,,,rare_diseases_from_pubmed.csv
No content available.,177_0,,,,rare_diseases_from_pubmed.csv
No content available.,178_0,,,,rare_diseases_from_pubmed.csv
No content available.,179_0,,,,rare_diseases_from_pubmed.csv
No content available.,180_0,,,,rare_diseases_from_pubmed.csv
No content available.,181_0,,,,rare_diseases_from_pubmed.csv
No content available.,182_0,,,,rare_diseases_from_pubmed.csv
No content available.,183_0,,,,rare_diseases_from_pubmed.csv
No content available.,184_0,,,,rare_diseases_from_pubmed.csv
No content available.,185_0,,,,rare_diseases_from_pubmed.csv
No content available.,186_0,,,,rare_diseases_from_pubmed.csv
No content available.,187_0,,,,rare_diseases_from_pubmed.csv
No content available.,188_0,,,,rare_diseases_from_pubmed.csv
No content available.,189_0,,,,rare_diseases_from_pubmed.csv
No content available.,190_0,,,,rare_diseases_from_pubmed.csv
No content available.,191_0,,,,rare_diseases_from_pubmed.csv
No content available.,192_0,,,,rare_diseases_from_pubmed.csv
No content available.,193_0,,,,rare_diseases_from_pubmed.csv
No content available.,194_0,,,,rare_diseases_from_pubmed.csv
No content available.,195_0,,,,rare_diseases_from_pubmed.csv
No content available.,196_0,,,,rare_diseases_from_pubmed.csv
No content available.,197_0,,,,rare_diseases_from_pubmed.csv
No content available.,198_0,,,,rare_diseases_from_pubmed.csv
No content available.,199_0,,,,rare_diseases_from_pubmed.csv
No content available.,200_0,,,,rare_diseases_from_pubmed.csv
No content available.,201_0,,,,rare_diseases_from_pubmed.csv
No content available.,202_0,,,,rare_diseases_from_pubmed.csv
No content available.,203_0,,,,rare_diseases_from_pubmed.csv
No content available.,204_0,,,,rare_diseases_from_pubmed.csv
No content available.,205_0,,,,rare_diseases_from_pubmed.csv
No content available.,206_0,,,,rare_diseases_from_pubmed.csv
No content available.,207_0,,,,rare_diseases_from_pubmed.csv
No content available.,208_0,,,,rare_diseases_from_pubmed.csv
No content available.,209_0,,,,rare_diseases_from_pubmed.csv
No content available.,210_0,,,,rare_diseases_from_pubmed.csv
No content available.,211_0,,,,rare_diseases_from_pubmed.csv
No content available.,212_0,,,,rare_diseases_from_pubmed.csv
No content available.,213_0,,,,rare_diseases_from_pubmed.csv
No content available.,214_0,,,,rare_diseases_from_pubmed.csv
No content available.,215_0,,,,rare_diseases_from_pubmed.csv
No content available.,216_0,,,,rare_diseases_from_pubmed.csv
