Disease,PubMed Article Count
oncology,7982
inhibitors,1079
aged and older individuals,211
small cell lung cancer,112
Related Disease and the Use of Therapeutic Plasma Exchange,36
and chronic thromboembolic pulmonary hypertension,32
type adenocarcinoma with gastric metastasis,9
intracranial bypass surgery,6
Induced Oral Erythema Multiforme,6
Thyroglossal Duct Cyst Papillary Carcinoma,5
Drug repurposing and phenotypic screening,4
inhibitors in patients with Merkel Cell Carcinoma,2
old patient with metastatic dedifferentiated liposarcoma,2
Ascites as a Rare Manifestation of Malignant Peritoneal Mesothelioma,2
Ocular Involvement in Infantile Cystinosis,1
Lateral hypertrophic cardiomyopathy,1
